{
  "best_global_step": null,
  "best_metric": null,
  "best_model_checkpoint": null,
  "epoch": 1.0,
  "eval_steps": 50,
  "global_step": 23,
  "is_hyper_param_search": false,
  "is_local_process_zero": true,
  "is_world_process_zero": true,
  "log_history": [
    {
      "epoch": 0.2222222222222222,
      "grad_norm": 1.4693639278411865,
      "learning_rate": 0.0004969220851487844,
      "loss": 2.8392,
      "step": 5
    },
    {
      "epoch": 0.4444444444444444,
      "grad_norm": 0.9982765913009644,
      "learning_rate": 0.0003969463130731183,
      "loss": 2.4158,
      "step": 10
    },
    {
      "epoch": 0.6666666666666666,
      "grad_norm": 1.2746381759643555,
      "learning_rate": 0.00021089138373994224,
      "loss": 2.1504,
      "step": 15
    },
    {
      "epoch": 0.8888888888888888,
      "grad_norm": 0.8597367405891418,
      "learning_rate": 4.7745751406263163e-05,
      "loss": 2.1447,
      "step": 20
    }
  ],
  "logging_steps": 5,
  "max_steps": 23,
  "num_input_tokens_seen": 0,
  "num_train_epochs": 1,
  "save_steps": 100,
  "stateful_callbacks": {
    "TrainerControl": {
      "args": {
        "should_epoch_stop": false,
        "should_evaluate": false,
        "should_log": false,
        "should_save": true,
        "should_training_stop": true
      },
      "attributes": {}
    }
  },
  "total_flos": 64254450788352.0,
  "train_batch_size": 1,
  "trial_name": null,
  "trial_params": null
}
